date,open,high,low,close,adj_close,volume,ticker
2024-01-02,187.14999389648438,188.44000244140625,183.88999938964844,185.63999938964844,183.5622100830078,82488700,AAPL
2024-01-03,184.22000122070312,185.8800048828125,183.42999267578125,184.25,182.187744140625,58414500,AAPL
2024-01-04,182.14999389648438,183.08999633789062,180.8800048828125,181.91000366210938,179.87391662597656,71983600,AAPL
2024-01-05,181.99000549316406,182.75999450683594,180.1699981689453,181.17999267578125,179.152099609375,62379700,AAPL
2024-01-08,182.08999633789062,185.60000610351562,181.5,185.55999755859375,183.48304748535156,59144500,AAPL
2024-01-09,183.9199981689453,185.14999389648438,182.72999572753906,185.13999938964844,183.06776428222656,42841800,AAPL
2024-01-10,184.35000610351562,186.39999389648438,183.9199981689453,186.19000244140625,184.10601806640625,46792900,AAPL
2024-01-11,186.5399932861328,187.0500030517578,183.6199951171875,185.58999633789062,183.5127410888672,49128400,AAPL
2024-01-12,186.05999755859375,186.74000549316406,185.19000244140625,185.9199981689453,183.8390350341797,40477800,AAPL
2024-01-16,182.16000366210938,184.25999450683594,180.92999267578125,183.6300048828125,181.57467651367188,65603000,AAPL
2024-01-17,181.27000427246094,182.92999267578125,180.3000030517578,182.67999267578125,180.6352996826172,47317400,AAPL
2024-01-18,186.08999633789062,189.13999938964844,185.8300018310547,188.6300048828125,186.5187225341797,78005800,AAPL
2024-01-19,189.3300018310547,191.9499969482422,188.82000732421875,191.55999755859375,189.41592407226562,68903000,AAPL
2024-01-22,192.3000030517578,195.3300018310547,192.25999450683594,193.88999938964844,191.7198486328125,60133900,AAPL
2024-01-23,195.02000427246094,195.75,193.8300018310547,195.17999267578125,192.9954071044922,42355600,AAPL
2024-01-24,195.4199981689453,196.3800048828125,194.33999633789062,194.5,192.32302856445312,53631300,AAPL
2024-01-25,195.22000122070312,196.27000427246094,193.11000061035156,194.1699981689453,191.99668884277344,54822100,AAPL
2024-01-26,194.27000427246094,194.75999450683594,191.94000244140625,192.4199981689453,190.2663116455078,44594000,AAPL
2024-01-29,192.00999450683594,192.1999969482422,189.5800018310547,191.72999572753906,189.5840301513672,47145600,AAPL
2024-01-30,190.94000244140625,191.8000030517578,187.47000122070312,188.0399932861328,185.935302734375,55859400,AAPL
2024-01-31,187.0399932861328,187.10000610351562,184.35000610351562,184.39999389648438,182.3360595703125,55467800,AAPL
2024-02-01,183.99000549316406,186.9499969482422,183.82000732421875,186.86000061035156,184.76852416992188,64885400,AAPL
2024-02-02,179.86000061035156,187.3300018310547,179.25,185.85000610351562,183.7698516845703,102551700,AAPL
2024-02-05,188.14999389648438,189.25,185.83999633789062,187.67999267578125,185.579345703125,69668800,AAPL
2024-02-06,186.86000061035156,189.30999755859375,186.77000427246094,189.3000030517578,187.1812286376953,43490800,AAPL
2024-02-07,190.63999938964844,191.0500030517578,188.61000061035156,189.41000366210938,187.2899932861328,53439000,AAPL
2024-02-08,189.38999938964844,189.5399932861328,187.35000610351562,188.32000732421875,186.21221923828125,40962000,AAPL
2024-02-09,188.64999389648438,189.99000549316406,188.0,188.85000610351562,186.9745635986328,45155200,AAPL
2024-02-12,188.4199981689453,188.6699981689453,186.7899932861328,187.14999389648438,185.29139709472656,41781900,AAPL
2024-02-13,185.77000427246094,186.2100067138672,183.50999450683594,185.0399932861328,183.20236206054688,56529500,AAPL
2024-02-14,185.32000732421875,185.52999877929688,182.44000244140625,184.14999389648438,182.32118225097656,54630500,AAPL
2024-02-15,183.5500030517578,184.49000549316406,181.35000610351562,183.86000061035156,182.0341033935547,65434500,AAPL
2024-02-16,183.4199981689453,184.85000610351562,181.6699981689453,182.30999755859375,180.49948120117188,49752500,AAPL
2024-02-20,181.7899932861328,182.42999267578125,180.0,181.55999755859375,179.75694274902344,53665600,AAPL
2024-02-21,181.94000244140625,182.88999938964844,180.66000366210938,182.32000732421875,180.5093994140625,41371400,AAPL
2024-02-22,183.47999572753906,184.9600067138672,182.4600067138672,184.3699951171875,182.53903198242188,52292200,AAPL
2024-02-23,185.00999450683594,185.0399932861328,182.22999572753906,182.52000427246094,180.70742797851562,45119700,AAPL
2024-02-26,182.24000549316406,182.75999450683594,180.64999389648438,181.16000366210938,179.36090087890625,40867400,AAPL
2024-02-27,181.10000610351562,183.9199981689453,179.55999755859375,182.6300048828125,180.81631469726562,54318900,AAPL
2024-02-28,182.50999450683594,183.1199951171875,180.1300048828125,181.4199981689453,179.61831665039062,48953900,AAPL
2024-02-29,181.27000427246094,182.57000732421875,179.52999877929688,180.75,178.95498657226562,136682600,AAPL
2024-03-01,179.5500030517578,180.52999877929688,177.3800048828125,179.66000366210938,177.87579345703125,73563100,AAPL
2024-03-04,176.14999389648438,176.89999389648438,173.7899932861328,175.10000610351562,173.36109924316406,81510100,AAPL
2024-03-05,170.75999450683594,172.0399932861328,169.6199951171875,170.1199951171875,168.43055725097656,95132400,AAPL
2024-03-06,171.05999755859375,171.24000549316406,168.67999267578125,169.1199951171875,167.4404754638672,68587700,AAPL
2024-03-07,169.14999389648438,170.72999572753906,168.49000549316406,169.0,167.32167053222656,71765100,AAPL
2024-03-08,169.0,173.6999969482422,168.94000244140625,170.72999572753906,169.0345001220703,76267000,AAPL
2024-03-11,172.94000244140625,174.3800048828125,172.0500030517578,172.75,171.034423828125,60139500,AAPL
2024-03-12,173.14999389648438,174.02999877929688,171.00999450683594,173.22999572753906,171.5096435546875,59825400,AAPL
2024-03-13,172.77000427246094,173.19000244140625,170.75999450683594,171.1300048828125,169.43052673339844,52488700,AAPL
2024-03-14,172.91000366210938,174.30999755859375,172.0500030517578,173.0,171.28195190429688,72913500,AAPL
2024-03-15,171.1699981689453,172.6199951171875,170.2899932861328,172.6199951171875,170.90573120117188,121752700,AAPL
2024-03-18,175.57000732421875,177.7100067138672,173.52000427246094,173.72000122070312,171.99478149414062,75604200,AAPL
2024-03-19,174.33999633789062,176.61000061035156,173.02999877929688,176.0800018310547,174.3313446044922,55215200,AAPL
2024-03-20,175.72000122070312,178.6699981689453,175.08999633789062,178.6699981689453,176.8956298828125,53423100,AAPL
2024-03-21,177.0500030517578,177.49000549316406,170.83999633789062,171.3699951171875,169.6681365966797,106181300,AAPL
2024-03-22,171.75999450683594,173.0500030517578,170.05999755859375,172.27999877929688,170.56907653808594,71160100,AAPL
2024-03-25,170.57000732421875,171.94000244140625,169.4499969482422,170.85000610351562,169.15330505371094,54288300,AAPL
2024-03-26,170.0,171.4199981689453,169.5800018310547,169.7100067138672,168.024658203125,57388400,AAPL
2024-03-27,170.41000366210938,173.60000610351562,170.11000061035156,173.30999755859375,171.58885192871094,60273300,AAPL
2024-03-28,171.75,172.22999572753906,170.50999450683594,171.47999572753906,169.77703857421875,65672700,AAPL
2024-04-01,171.19000244140625,171.25,169.47999572753906,170.02999877929688,168.34146118164062,46240500,AAPL
2024-04-02,169.0800018310547,169.33999633789062,168.22999572753906,168.83999633789062,167.16326904296875,49329500,AAPL
2024-04-03,168.7899932861328,170.67999267578125,168.5800018310547,169.64999389648438,167.9652099609375,47691700,AAPL
2024-04-04,170.2899932861328,171.9199981689453,168.82000732421875,168.82000732421875,167.14344787597656,53704400,AAPL
2024-04-05,169.58999633789062,170.38999938964844,168.9499969482422,169.5800018310547,167.8959197998047,42104800,AAPL
2024-04-08,169.02999877929688,169.1999969482422,168.24000549316406,168.4499969482422,166.77713012695312,37425500,AAPL
2024-04-09,168.6999969482422,170.0800018310547,168.35000610351562,169.6699981689453,167.98501586914062,42373800,AAPL
2024-04-10,168.8000030517578,169.08999633789062,167.11000061035156,167.77999877929688,166.11378479003906,49709300,AAPL
2024-04-11,168.33999633789062,175.4600067138672,168.16000366210938,175.0399932861328,173.30169677734375,91070300,AAPL
2024-04-12,174.25999450683594,178.36000061035156,174.2100067138672,176.5500030517578,174.79669189453125,101670900,AAPL
2024-04-15,175.36000061035156,176.6300048828125,172.5,172.69000244140625,170.97503662109375,73531800,AAPL
2024-04-16,171.75,173.75999450683594,168.27000427246094,169.3800048828125,167.69790649414062,73711200,AAPL
2024-04-17,169.61000061035156,170.64999389648438,168.0,168.0,166.33160400390625,50901200,AAPL
2024-04-18,168.02999877929688,168.63999938964844,166.5500030517578,167.0399932861328,165.38113403320312,43122900,AAPL
2024-04-19,166.2100067138672,166.39999389648438,164.0800018310547,165.0,163.36141967773438,68149400,AAPL
2024-04-22,165.52000427246094,167.25999450683594,164.77000427246094,165.83999633789062,164.1930694580078,48116400,AAPL
2024-04-23,165.35000610351562,167.0500030517578,164.9199981689453,166.89999389648438,165.24253845214844,49537800,AAPL
2024-04-24,166.5399932861328,169.3000030517578,166.2100067138672,169.02000427246094,167.34146118164062,48251800,AAPL
2024-04-25,169.52999877929688,170.61000061035156,168.14999389648438,169.88999938964844,168.2028350830078,50558300,AAPL
2024-04-26,169.8800048828125,171.33999633789062,169.17999267578125,169.3000030517578,167.6186981201172,44838400,AAPL
2024-04-29,173.3699951171875,176.02999877929688,173.10000610351562,173.5,171.7769775390625,68169400,AAPL
2024-04-30,173.3300018310547,174.99000549316406,170.0,170.3300018310547,168.6384735107422,65934800,AAPL
2024-05-01,169.5800018310547,172.7100067138672,169.11000061035156,169.3000030517578,167.6186981201172,50383100,AAPL
2024-05-02,172.50999450683594,173.4199981689453,170.88999938964844,173.02999877929688,171.31166076660156,94214900,AAPL
2024-05-03,186.64999389648438,187.0,182.66000366210938,183.3800048828125,181.55885314941406,163224100,AAPL
2024-05-06,182.35000610351562,184.1999969482422,180.4199981689453,181.7100067138672,179.90545654296875,78569700,AAPL
2024-05-07,183.4499969482422,184.89999389648438,181.32000732421875,182.39999389648438,180.58859252929688,77305800,AAPL
2024-05-08,182.85000610351562,183.07000732421875,181.4499969482422,182.74000549316406,180.92523193359375,45057100,AAPL
2024-05-09,182.55999755859375,184.66000366210938,182.11000061035156,184.57000732421875,182.73703002929688,48983000,AAPL
2024-05-10,184.89999389648438,185.08999633789062,182.1300048828125,183.0500030517578,181.47792053222656,50759500,AAPL
2024-05-13,185.44000244140625,187.10000610351562,184.6199951171875,186.27999877929688,184.6802215576172,72044800,AAPL
2024-05-14,187.50999450683594,188.3000030517578,186.2899932861328,187.42999267578125,185.82034301757812,52393600,AAPL
2024-05-15,187.91000366210938,190.64999389648438,187.3699951171875,189.72000122070312,188.09066772460938,70400000,AAPL
2024-05-16,190.47000122070312,191.10000610351562,189.66000366210938,189.83999633789062,188.20960998535156,52845200,AAPL
2024-05-17,189.50999450683594,190.80999755859375,189.17999267578125,189.8699951171875,188.23936462402344,41282900,AAPL
2024-05-20,189.3300018310547,191.9199981689453,189.00999450683594,191.0399932861328,189.39932250976562,44361300,AAPL
2024-05-21,191.08999633789062,192.72999572753906,190.9199981689453,192.35000610351562,190.6980743408203,42309400,AAPL
2024-05-22,192.27000427246094,192.82000732421875,190.27000427246094,190.89999389648438,189.26051330566406,34648500,AAPL
2024-05-23,190.97999572753906,191.0,186.6300048828125,186.8800048828125,185.27508544921875,51005900,AAPL
2024-05-24,188.82000732421875,190.5800018310547,188.0399932861328,189.97999572753906,188.3484344482422,36327000,AAPL
2024-05-28,191.50999450683594,193.0,189.10000610351562,189.99000549316406,188.3583526611328,52280100,AAPL
2024-05-29,189.61000061035156,192.25,189.50999450683594,190.2899932861328,188.65577697753906,53068000,AAPL
2024-05-30,190.75999450683594,192.17999267578125,190.6300048828125,191.2899932861328,189.6471710205078,49889100,AAPL
2024-05-31,191.44000244140625,192.57000732421875,189.91000366210938,192.25,190.59896850585938,75158300,AAPL
2024-06-03,192.89999389648438,194.99000549316406,192.52000427246094,194.02999877929688,192.36366271972656,50080500,AAPL
2024-06-04,194.63999938964844,195.32000732421875,193.02999877929688,194.35000610351562,192.68092346191406,47471400,AAPL
2024-06-05,195.39999389648438,196.89999389648438,194.8699951171875,195.8699951171875,194.18785095214844,54156800,AAPL
2024-06-06,195.69000244140625,196.5,194.1699981689453,194.47999572753906,192.80979919433594,41181800,AAPL
2024-06-07,194.64999389648438,196.94000244140625,194.13999938964844,196.88999938964844,195.1990966796875,53103900,AAPL
2024-06-10,196.89999389648438,197.3000030517578,192.14999389648438,193.1199951171875,191.4614715576172,97010200,AAPL
2024-06-11,193.64999389648438,207.16000366210938,193.6300048828125,207.14999389648438,205.37098693847656,172373300,AAPL
2024-06-12,207.3699951171875,220.1999969482422,206.89999389648438,213.07000732421875,211.24014282226562,198134300,AAPL
2024-06-13,214.74000549316406,216.75,211.60000610351562,214.24000549316406,212.4000701904297,97862700,AAPL
2024-06-14,213.85000610351562,215.1699981689453,211.3000030517578,212.49000549316406,210.66514587402344,70122700,AAPL
2024-06-17,213.3699951171875,218.9499969482422,212.72000122070312,216.6699981689453,214.80921936035156,93728300,AAPL
2024-06-18,217.58999633789062,218.6300048828125,213.0,214.2899932861328,212.4496612548828,79943300,AAPL
2024-06-20,213.92999267578125,214.24000549316406,208.85000610351562,209.67999267578125,207.87924194335938,86172500,AAPL
2024-06-21,210.38999938964844,211.88999938964844,207.11000061035156,207.49000549316406,205.70803833007812,241805100,AAPL
2024-06-24,207.72000122070312,212.6999969482422,206.58999633789062,208.13999938964844,206.35247802734375,80727000,AAPL
2024-06-25,209.14999389648438,211.3800048828125,208.61000061035156,209.07000732421875,207.2744903564453,55549700,AAPL
2024-06-26,211.5,214.86000061035156,210.63999938964844,213.25,211.41859436035156,66213200,AAPL
2024-06-27,214.69000244140625,215.74000549316406,212.35000610351562,214.10000610351562,212.26129150390625,49772700,AAPL
2024-06-28,215.77000427246094,216.07000732421875,210.3000030517578,210.6199951171875,208.8111572265625,82542700,AAPL
2024-07-01,212.08999633789062,217.50999450683594,211.9199981689453,216.75,214.88851928710938,60402900,AAPL
2024-07-02,216.14999389648438,220.3800048828125,215.10000610351562,220.27000427246094,218.37831115722656,58046200,AAPL
2024-07-03,220.0,221.5500030517578,219.02999877929688,221.5500030517578,219.6473388671875,37369800,AAPL
2024-07-05,221.64999389648438,226.4499969482422,221.64999389648438,226.33999633789062,224.3961639404297,60412400,AAPL
2024-07-08,227.08999633789062,227.85000610351562,223.25,227.82000732421875,225.8634490966797,59085900,AAPL
2024-07-09,227.92999267578125,229.39999389648438,226.3699951171875,228.67999267578125,226.71607971191406,48076100,AAPL
2024-07-10,229.3000030517578,233.0800018310547,229.25,232.97999572753906,230.97914123535156,62627700,AAPL
2024-07-11,231.38999938964844,232.38999938964844,225.77000427246094,227.57000732421875,225.61563110351562,64710600,AAPL
2024-07-12,228.9199981689453,232.63999938964844,228.67999267578125,230.5399932861328,228.56008911132812,53046500,AAPL
2024-07-15,236.47999572753906,237.22999572753906,233.08999633789062,234.39999389648438,232.38694763183594,62631300,AAPL
2024-07-16,235.0,236.27000427246094,232.3300018310547,234.82000732421875,232.8033447265625,43234300,AAPL
2024-07-17,229.4499969482422,231.4600067138672,226.63999938964844,228.8800048828125,226.9143829345703,57345900,AAPL
2024-07-18,230.27999877929688,230.44000244140625,222.27000427246094,224.17999267578125,222.2547149658203,66034600,AAPL
2024-07-19,224.82000732421875,226.8000030517578,223.27999877929688,224.30999755859375,222.3836212158203,49151500,AAPL
2024-07-22,227.00999450683594,227.77999877929688,223.08999633789062,223.9600067138672,222.03660583496094,48201800,AAPL
2024-07-23,224.3699951171875,226.94000244140625,222.67999267578125,225.00999450683594,223.07760620117188,39960300,AAPL
2024-07-24,224.0,224.8000030517578,217.1300048828125,218.5399932861328,216.66317749023438,61777600,AAPL
2024-07-25,218.92999267578125,220.85000610351562,214.6199951171875,217.49000549316406,215.62216186523438,51391200,AAPL
2024-07-26,218.6999969482422,219.49000549316406,216.00999450683594,217.9600067138672,216.08816528320312,41601300,AAPL
2024-07-29,216.9600067138672,219.3000030517578,215.75,218.24000549316406,216.36575317382812,36311800,AAPL
2024-07-30,219.19000244140625,220.3300018310547,216.1199951171875,218.8000030517578,216.92091369628906,41643800,AAPL
2024-07-31,221.44000244140625,223.82000732421875,220.6300048828125,222.0800018310547,220.17276000976562,50036300,AAPL
2024-08-01,224.3699951171875,224.47999572753906,217.02000427246094,218.36000061035156,216.48471069335938,62501000,AAPL
2024-08-02,219.14999389648438,225.60000610351562,217.7100067138672,219.86000061035156,217.97183227539062,105568600,AAPL
2024-08-05,199.08999633789062,213.5,196.0,209.27000427246094,207.47279357910156,119548600,AAPL
2024-08-06,205.3000030517578,209.99000549316406,201.07000732421875,207.22999572753906,205.45028686523438,69660500,AAPL
2024-08-07,206.89999389648438,213.63999938964844,206.38999938964844,209.82000732421875,208.01805114746094,63516400,AAPL
2024-08-08,213.11000061035156,214.1999969482422,208.8300018310547,213.30999755859375,211.47808837890625,47161100,AAPL
2024-08-09,212.10000610351562,216.77999877929688,211.97000122070312,216.24000549316406,214.3829345703125,42201600,AAPL
2024-08-12,216.07000732421875,219.50999450683594,215.60000610351562,217.52999877929688,215.91146850585938,38028100,AAPL
2024-08-13,219.00999450683594,221.88999938964844,219.00999450683594,221.27000427246094,219.62364196777344,44155300,AAPL
2024-08-14,220.57000732421875,223.02999877929688,219.6999969482422,221.72000122070312,220.07028198242188,41960600,AAPL
2024-08-15,224.60000610351562,225.35000610351562,222.75999450683594,224.72000122070312,223.04795837402344,46414000,AAPL
2024-08-16,223.9199981689453,226.8300018310547,223.64999389648438,226.0500030517578,224.36807250976562,44340200,AAPL
2024-08-19,225.72000122070312,225.99000549316406,223.0399932861328,225.88999938964844,224.20925903320312,40687800,AAPL
2024-08-20,225.77000427246094,227.1699981689453,225.4499969482422,226.50999450683594,224.82464599609375,30299000,AAPL
2024-08-21,226.52000427246094,227.97999572753906,225.0500030517578,226.39999389648438,224.7154541015625,34765500,AAPL
2024-08-22,227.7899932861328,228.33999633789062,223.89999389648438,224.52999877929688,222.85940551757812,43695300,AAPL
2024-08-23,225.66000366210938,228.22000122070312,224.3300018310547,226.83999633789062,225.1521759033203,38677300,AAPL
2024-08-26,226.75999450683594,227.27999877929688,223.88999938964844,227.17999267578125,225.48965454101562,30602200,AAPL
2024-08-27,226.0,228.85000610351562,224.88999938964844,228.02999877929688,226.33334350585938,35934600,AAPL
2024-08-28,227.9199981689453,229.86000061035156,225.67999267578125,226.49000549316406,224.80477905273438,38052200,AAPL
2024-08-29,230.10000610351562,232.9199981689453,228.8800048828125,229.7899932861328,228.08026123046875,51906300,AAPL
2024-08-30,230.19000244140625,230.39999389648438,227.47999572753906,229.0,227.29611206054688,52990800,AAPL
2024-09-03,228.5500030517578,229.0,221.1699981689453,222.77000427246094,221.1124725341797,50190600,AAPL
2024-09-04,221.66000366210938,221.77999877929688,217.47999572753906,220.85000610351562,219.20677185058594,43840200,AAPL
2024-09-05,221.6300048828125,225.47999572753906,221.52000427246094,222.3800048828125,220.7253875732422,36615400,AAPL
2024-09-06,223.9499969482422,225.24000549316406,219.77000427246094,220.82000732421875,219.17698669433594,48423000,AAPL
2024-09-09,220.82000732421875,221.27000427246094,216.7100067138672,220.91000366210938,219.26632690429688,67180000,AAPL
2024-09-10,218.9199981689453,221.47999572753906,216.72999572753906,220.11000061035156,218.47227478027344,51591000,AAPL
2024-09-11,221.4600067138672,223.08999633789062,217.88999938964844,222.66000366210938,221.0032958984375,44587100,AAPL
2024-09-12,222.5,223.5500030517578,219.82000732421875,222.77000427246094,221.1124725341797,37455600,AAPL
2024-09-13,223.5800018310547,224.0399932861328,221.91000366210938,222.5,220.84445190429688,36766600,AAPL
2024-09-16,216.5399932861328,217.22000122070312,213.9199981689453,216.32000732421875,214.71047973632812,59357400,AAPL
2024-09-17,215.75,216.89999389648438,214.5,216.7899932861328,215.17697143554688,45519300,AAPL
2024-09-18,217.5500030517578,222.7100067138672,217.5399932861328,220.69000244140625,219.04794311523438,59894900,AAPL
2024-09-19,224.99000549316406,229.82000732421875,224.6300048828125,228.8699951171875,227.16708374023438,66781300,AAPL
2024-09-20,229.97000122070312,233.08999633789062,227.6199951171875,228.1999969482422,226.5020751953125,318679900,AAPL
2024-09-23,227.33999633789062,229.4499969482422,225.80999755859375,226.47000122070312,224.7849578857422,54146000,AAPL
2024-09-24,228.64999389648438,229.35000610351562,225.72999572753906,227.3699951171875,225.67825317382812,43556100,AAPL
2024-09-25,224.92999267578125,227.2899932861328,224.02000427246094,226.3699951171875,224.68569946289062,42308700,AAPL
2024-09-26,227.3000030517578,228.5,225.41000366210938,227.52000427246094,225.8271484375,36636700,AAPL
2024-09-27,228.4600067138672,229.52000427246094,227.3000030517578,227.7899932861328,226.09510803222656,34026000,AAPL
2024-09-30,230.0399932861328,233.0,229.64999389648438,233.0,231.26637268066406,54541900,AAPL
2024-10-01,229.52000427246094,229.64999389648438,223.74000549316406,226.2100067138672,224.52687072753906,63285000,AAPL
2024-10-02,225.88999938964844,227.3699951171875,223.02000427246094,226.77999877929688,225.0926513671875,32880600,AAPL
2024-10-03,225.13999938964844,226.80999755859375,223.32000732421875,225.6699981689453,223.99087524414062,34044200,AAPL
2024-10-04,227.89999389648438,228.0,224.1300048828125,226.8000030517578,225.1125030517578,37245100,AAPL
2024-10-07,224.5,225.69000244140625,221.3300018310547,221.69000244140625,220.04051208496094,39505400,AAPL
2024-10-08,224.3000030517578,225.97999572753906,223.25,225.77000427246094,224.0901641845703,31855700,AAPL
2024-10-09,225.22999572753906,229.75,224.8300018310547,229.5399932861328,227.8321075439453,33591100,AAPL
2024-10-10,227.77999877929688,229.5,227.1699981689453,229.0399932861328,227.33584594726562,28183500,AAPL
2024-10-11,229.3000030517578,229.41000366210938,227.33999633789062,227.5500030517578,225.85691833496094,31759200,AAPL
2024-10-14,228.6999969482422,231.72999572753906,228.60000610351562,231.3000030517578,229.5790252685547,39882100,AAPL
2024-10-15,233.61000061035156,237.49000549316406,232.3699951171875,233.85000610351562,232.11004638671875,64751400,AAPL
2024-10-16,231.60000610351562,232.1199951171875,229.83999633789062,231.77999877929688,230.05543518066406,34082200,AAPL
2024-10-17,233.42999267578125,233.85000610351562,230.52000427246094,232.14999389648438,230.4226837158203,32993800,AAPL
2024-10-18,236.17999267578125,236.17999267578125,234.00999450683594,235.0,233.25148010253906,46431500,AAPL
2024-10-21,234.4499969482422,236.85000610351562,234.4499969482422,236.47999572753906,234.72047424316406,36254500,AAPL
2024-10-22,233.88999938964844,236.22000122070312,232.60000610351562,235.86000061035156,234.10508728027344,38846600,AAPL
2024-10-23,234.0800018310547,235.13999938964844,227.75999450683594,230.75999450683594,229.0430145263672,52287000,AAPL
2024-10-24,229.97999572753906,230.82000732421875,228.41000366210938,230.57000732421875,228.85446166992188,31109500,AAPL
2024-10-25,229.74000549316406,233.22000122070312,229.57000732421875,231.41000366210938,229.68820190429688,38802300,AAPL
2024-10-28,233.32000732421875,234.72999572753906,232.5500030517578,233.39999389648438,231.6633758544922,36087100,AAPL
2024-10-29,233.10000610351562,234.3300018310547,232.32000732421875,233.6699981689453,231.93136596679688,35417200,AAPL
2024-10-30,232.61000061035156,233.47000122070312,229.5500030517578,230.10000610351562,228.38795471191406,47070900,AAPL
2024-10-31,229.33999633789062,229.8300018310547,225.3699951171875,225.91000366210938,224.22911071777344,64370100,AAPL
2024-11-01,220.97000122070312,225.35000610351562,220.27000427246094,222.91000366210938,221.25143432617188,65276700,AAPL
2024-11-04,220.99000549316406,222.7899932861328,219.7100067138672,222.00999450683594,220.35812377929688,44944500,AAPL
2024-11-05,221.8000030517578,223.9499969482422,221.13999938964844,223.4499969482422,221.78741455078125,28111300,AAPL
2024-11-06,222.61000061035156,226.07000732421875,221.19000244140625,222.72000122070312,221.06285095214844,54561100,AAPL
2024-11-07,224.6300048828125,227.8800048828125,224.57000732421875,227.47999572753906,225.7874298095703,42137700,AAPL
2024-11-08,227.1699981689453,228.66000366210938,226.41000366210938,226.9600067138672,225.5191650390625,38328800,AAPL
2024-11-11,225.0,225.6999969482422,221.5,224.22999572753906,222.8064727783203,42005600,AAPL
2024-11-12,224.5500030517578,225.58999633789062,223.36000061035156,224.22999572753906,222.8064727783203,40398300,AAPL
2024-11-13,224.00999450683594,226.64999389648438,222.75999450683594,225.1199951171875,223.69082641601562,48566200,AAPL
2024-11-14,225.02000427246094,228.8699951171875,225.0,228.22000122070312,226.77114868164062,44923900,AAPL
2024-11-15,226.39999389648438,226.9199981689453,224.27000427246094,225.0,223.5715789794922,47923700,AAPL
2024-11-18,225.25,229.74000549316406,225.1699981689453,228.02000427246094,226.57241821289062,44633700,AAPL
2024-11-19,226.97999572753906,230.16000366210938,226.66000366210938,228.27999877929688,226.8307647705078,36211800,AAPL
2024-11-20,228.05999755859375,229.92999267578125,225.88999938964844,229.0,227.5461883544922,35169600,AAPL
2024-11-21,228.8800048828125,230.16000366210938,225.7100067138672,228.52000427246094,227.06927490234375,42108300,AAPL
2024-11-22,228.05999755859375,230.72000122070312,228.05999755859375,229.8699951171875,228.41067504882812,38168300,AAPL
2024-11-25,231.4600067138672,233.25,229.74000549316406,232.8699951171875,231.39163208007812,90152800,AAPL
2024-11-26,233.3300018310547,235.57000732421875,233.3300018310547,235.05999755859375,233.56773376464844,45986200,AAPL
2024-11-27,234.47000122070312,235.69000244140625,233.80999755859375,234.92999267578125,233.4385528564453,33498400,AAPL
2024-11-29,234.80999755859375,237.80999755859375,233.97000122070312,237.3300018310547,235.82333374023438,28481400,AAPL
2024-12-02,237.27000427246094,240.7899932861328,237.16000366210938,239.58999633789062,238.06893920898438,48137100,AAPL
2024-12-03,239.80999755859375,242.75999450683594,238.89999389648438,242.64999389648438,241.1095428466797,38861000,AAPL
2024-12-04,242.8699951171875,244.11000061035156,241.25,243.00999450683594,241.4672393798828,44383900,AAPL
2024-12-05,243.99000549316406,244.5399932861328,242.1300048828125,243.0399932861328,241.49703979492188,40033900,AAPL
2024-12-06,242.91000366210938,244.6300048828125,242.0800018310547,242.83999633789062,241.29832458496094,36870600,AAPL
2024-12-09,241.8300018310547,247.24000549316406,241.75,246.75,245.1835174560547,44649200,AAPL
2024-12-10,246.88999938964844,248.2100067138672,245.33999633789062,247.77000427246094,246.197021484375,36914800,AAPL
2024-12-11,247.9600067138672,250.8000030517578,246.25999450683594,246.49000549316406,244.92515563964844,45205800,AAPL
2024-12-12,246.88999938964844,248.74000549316406,245.67999267578125,247.9600067138672,246.38583374023438,32777500,AAPL
2024-12-13,247.82000732421875,249.2899932861328,246.24000549316406,248.1300048828125,246.55474853515625,33155300,AAPL
2024-12-16,247.99000549316406,251.3800048828125,247.64999389648438,251.0399932861328,249.44627380371094,51694800,AAPL
2024-12-17,250.0800018310547,253.8300018310547,249.77999877929688,253.47999572753906,251.8707733154297,51356400,AAPL
2024-12-18,252.16000366210938,254.27999877929688,247.74000549316406,248.0500030517578,246.47525024414062,56774100,AAPL
2024-12-19,247.5,252.0,247.08999633789062,249.7899932861328,248.20420837402344,60882300,AAPL
2024-12-20,248.0399932861328,255.0,245.69000244140625,254.49000549316406,252.87437438964844,147495300,AAPL
2024-12-23,254.77000427246094,255.64999389648438,253.4499969482422,255.27000427246094,253.6494140625,40858800,AAPL
2024-12-24,255.49000549316406,258.2099914550781,255.2899932861328,258.20001220703125,256.5608215332031,23234700,AAPL
2024-12-26,258.19000244140625,260.1000061035156,257.6300048828125,259.0199890136719,257.3756103515625,27237100,AAPL
2024-12-27,257.8299865722656,258.70001220703125,253.05999755859375,255.58999633789062,253.96739196777344,42355300,AAPL
2024-12-30,252.22999572753906,253.5,250.75,252.1999969482422,250.5989227294922,35557500,AAPL
2024-12-31,252.44000244140625,253.27999877929688,249.42999267578125,250.4199981689453,248.83021545410156,39480700,AAPL
2024-01-02,169.08999633789062,172.1699981689453,168.91000366210938,172.0800018310547,163.00933837890625,9977400,JPM
2024-01-03,171.86000061035156,172.0399932861328,170.3699951171875,171.3300018310547,162.29888916015625,9852300,JPM
2024-01-04,170.63999938964844,173.35000610351562,170.5399932861328,171.41000366210938,163.37591552734375,11972500,JPM
2024-01-05,171.47000122070312,173.3800048828125,171.47000122070312,172.27000427246094,164.1956024169922,10066000,JPM
2024-01-08,172.02000427246094,172.36000061035156,169.49000549316406,172.02000427246094,163.9573211669922,11229900,JPM
2024-01-09,171.6199951171875,171.7899932861328,170.10000610351562,170.66000366210938,162.6610565185547,9923600,JPM
2024-01-10,170.0,171.0800018310547,168.9499969482422,171.02000427246094,163.00418090820312,9670200,JPM
2024-01-11,170.3300018310547,170.36000061035156,168.63999938964844,170.3000030517578,162.3179473876953,11919500,JPM
2024-01-12,173.8000030517578,176.30999755859375,168.89999389648438,169.0500030517578,161.12652587890625,19436500,JPM
2024-01-16,164.8699951171875,168.08999633789062,164.3000030517578,167.99000549316406,160.11622619628906,17206400,JPM
2024-01-17,167.33999633789062,169.07000732421875,166.49000549316406,167.08999633789062,159.2583770751953,11107500,JPM
2024-01-18,167.1199951171875,167.52999877929688,165.24000549316406,167.4199981689453,159.5729217529297,9382300,JPM
2024-01-19,167.5500030517578,170.57000732421875,167.0800018310547,170.30999755859375,162.32748413085938,13115700,JPM
2024-01-22,170.4600067138672,171.97999572753906,169.7100067138672,170.11000061035156,162.1368408203125,12837500,JPM
2024-01-23,169.6699981689453,169.75,168.44000244140625,168.99000549316406,161.06935119628906,8360800,JPM
2024-01-24,169.36000061035156,171.00999450683594,168.86000061035156,170.5,162.50857543945312,9967100,JPM
2024-01-25,172.30999755859375,172.99000549316406,170.91000366210938,172.94000244140625,164.83421325683594,8873500,JPM
2024-01-26,172.61000061035156,173.05999755859375,171.77999877929688,172.27999877929688,164.2051239013672,7443000,JPM
2024-01-29,172.24000549316406,172.83999633789062,171.3000030517578,172.72999572753906,164.634033203125,6971200,JPM
2024-01-30,172.8300018310547,176.75999450683594,172.8300018310547,176.27000427246094,168.0081024169922,10822100,JPM
2024-01-31,176.1999969482422,178.3000030517578,174.33999633789062,174.36000061035156,166.18760681152344,11521800,JPM
2024-02-01,173.63999938964844,174.83999633789062,171.42999267578125,173.72999572753906,165.58717346191406,9354800,JPM
2024-02-02,173.3000030517578,175.82000732421875,173.25999450683594,174.72999572753906,166.540283203125,8607600,JPM
2024-02-05,173.86000061035156,175.08999633789062,172.9199981689453,174.5,166.32110595703125,7820200,JPM
2024-02-06,174.61000061035156,175.8699951171875,173.75999450683594,175.10000610351562,166.89295959472656,6764800,JPM
2024-02-07,175.69000244140625,175.8699951171875,173.9600067138672,175.42999267578125,167.20748901367188,7225500,JPM
2024-02-08,175.0,175.30999755859375,173.57000732421875,174.8000030517578,166.60702514648438,6060300,JPM
2024-02-09,175.0,175.10000610351562,173.6699981689453,175.00999450683594,166.8071746826172,6296700,JPM
2024-02-12,174.77999877929688,176.80999755859375,173.6999969482422,175.7899932861328,167.5506134033203,8539300,JPM
2024-02-13,175.32000732421875,176.22999572753906,172.6199951171875,174.25999450683594,166.0923309326172,8397600,JPM
2024-02-14,175.07000732421875,176.10000610351562,174.4199981689453,176.02999877929688,167.77938842773438,7056700,JPM
2024-02-15,176.14999389648438,180.2100067138672,176.14999389648438,179.8699951171875,171.43939208984375,8723400,JPM
2024-02-16,179.61000061035156,179.97999572753906,178.16000366210938,179.02999877929688,170.63876342773438,8152600,JPM
2024-02-20,179.19000244140625,180.4600067138672,178.41000366210938,179.72999572753906,171.30593872070312,9668000,JPM
2024-02-21,179.9499969482422,180.99000549316406,178.52000427246094,180.89999389648438,172.42112731933594,7024000,JPM
2024-02-22,181.82000732421875,183.4199981689453,181.24000549316406,183.07000732421875,174.48941040039062,9296500,JPM
2024-02-23,183.80999755859375,185.1999969482422,183.19000244140625,183.99000549316406,175.36630249023438,7105800,JPM
2024-02-26,183.75,184.4600067138672,182.47999572753906,183.36000061035156,174.7657928466797,7145400,JPM
2024-02-27,183.30999755859375,183.5399932861328,182.24000549316406,183.4499969482422,174.85159301757812,5717100,JPM
2024-02-28,183.42999267578125,185.1999969482422,182.9600067138672,184.3800048828125,175.73800659179688,6131600,JPM
2024-02-29,185.66000366210938,186.42999267578125,183.85000610351562,186.05999755859375,177.33924865722656,9643000,JPM
2024-03-01,185.6999969482422,186.44000244140625,185.10000610351562,185.2899932861328,176.60531616210938,6311800,JPM
2024-03-04,184.7100067138672,187.58999633789062,184.27000427246094,186.67999267578125,177.93017578125,7063600,JPM
2024-03-05,186.36000061035156,189.3000030517578,186.36000061035156,188.5500030517578,179.71253967285156,6617800,JPM
2024-03-06,189.25,190.07000732421875,187.6300048828125,189.52999877929688,180.6466064453125,7572900,JPM
2024-03-07,189.91000366210938,190.5,186.6300048828125,187.8699951171875,179.06443786621094,7618300,JPM
2024-03-08,188.44000244140625,190.4600067138672,187.9199981689453,188.22000122070312,179.3980255126953,6172200,JPM
2024-03-11,187.27999877929688,188.44000244140625,186.22000122070312,188.2899932861328,179.4647216796875,5762600,JPM
2024-03-12,188.9499969482422,190.16000366210938,187.91000366210938,189.83999633789062,180.9420928955078,5708400,JPM
2024-03-13,190.36000061035156,191.72999572753906,189.83999633789062,191.3800048828125,182.409912109375,7795500,JPM
2024-03-14,191.02999877929688,191.6300048828125,187.10000610351562,187.97000122070312,179.15972900390625,10310900,JPM
2024-03-15,186.47999572753906,190.94000244140625,186.47999572753906,190.3000030517578,181.38052368164062,17214200,JPM
2024-03-18,190.6300048828125,192.6999969482422,189.88999938964844,192.66000366210938,183.62989807128906,9013800,JPM
2024-03-19,192.7100067138672,193.92999267578125,192.3800048828125,193.7899932861328,184.70693969726562,8478700,JPM
2024-03-20,194.19000244140625,196.55999755859375,193.61000061035156,196.3300018310547,187.1278839111328,9367000,JPM
2024-03-21,196.52000427246094,199.42999267578125,196.3300018310547,199.05999755859375,189.7299346923828,11203800,JPM
2024-03-22,199.00999450683594,200.47999572753906,196.5399932861328,196.6199951171875,187.40428161621094,8108800,JPM
2024-03-25,196.60000610351562,196.94000244140625,194.36000061035156,194.82000732421875,185.6886749267578,8620000,JPM
2024-03-26,194.58999633789062,196.66000366210938,194.05999755859375,195.72999572753906,186.55601501464844,5961500,JPM
2024-03-27,196.5,199.60000610351562,196.3800048828125,199.52000427246094,190.1683807373047,8725800,JPM
2024-03-28,199.49000549316406,200.72000122070312,198.5399932861328,200.3000030517578,190.9118194580078,8628300,JPM
2024-04-01,199.99000549316406,200.94000244140625,198.57000732421875,198.94000244140625,189.61558532714844,7309000,JPM
2024-04-02,198.38999938964844,199.77999877929688,198.0800018310547,198.86000061035156,189.539306640625,7014700,JPM
2024-04-03,199.0399932861328,199.55999755859375,197.6999969482422,198.3000030517578,189.0055389404297,9353400,JPM
2024-04-04,199.14999389648438,199.67999267578125,195.5500030517578,195.64999389648438,187.56752014160156,9243800,JPM
2024-04-05,196.16000366210938,198.1199951171875,195.11000061035156,197.4499969482422,189.29315185546875,6532300,JPM
2024-04-08,197.6199951171875,198.97999572753906,197.6199951171875,198.47999572753906,190.28062438964844,8001000,JPM
2024-04-09,198.07000732421875,198.8800048828125,194.91000366210938,197.14999389648438,189.0055694580078,7351500,JPM
2024-04-10,195.5500030517578,197.07000732421875,194.17999267578125,195.47000122070312,187.39495849609375,7681400,JPM
2024-04-11,196.0,196.57000732421875,193.24000549316406,195.42999267578125,187.3566131591797,10137700,JPM
2024-04-12,188.32000732421875,188.92999267578125,182.5399932861328,182.7899932861328,175.23878479003906,31532300,JPM
2024-04-15,184.5,187.4600067138672,182.1999969482422,182.88999938964844,175.33465576171875,14766600,JPM
2024-04-16,182.89999389648438,183.16000366210938,179.64999389648438,180.8000030517578,173.3310089111328,16451800,JPM
2024-04-17,181.3699951171875,182.4199981689453,179.1999969482422,180.0800018310547,172.64073181152344,9017100,JPM
2024-04-18,181.10000610351562,183.36000061035156,179.97000122070312,181.25,173.76243591308594,9557700,JPM
2024-04-19,182.39999389648438,185.8800048828125,181.41000366210938,185.8000030517578,178.1244354248047,13402300,JPM
2024-04-22,185.99000549316406,190.1300048828125,185.97999572753906,189.41000366210938,181.58531188964844,11529700,JPM
2024-04-23,191.1300048828125,192.22999572753906,190.52000427246094,192.13999938964844,184.20252990722656,9144400,JPM
2024-04-24,190.52999877929688,193.22999572753906,190.1699981689453,193.0800018310547,185.10369873046875,6964900,JPM
2024-04-25,192.25,193.94000244140625,191.17999267578125,193.3699951171875,185.3817138671875,9802300,JPM
2024-04-26,193.57000732421875,194.8699951171875,193.05999755859375,193.49000549316406,185.49676513671875,6413700,JPM
2024-04-29,193.47999572753906,194.25999450683594,192.42999267578125,193.27999877929688,185.29544067382812,5387800,JPM
2024-04-30,192.80999755859375,194.99000549316406,191.63999938964844,191.74000549316406,183.8190460205078,8153700,JPM
2024-05-01,192.27000427246094,194.4600067138672,190.7899932861328,191.86000061035156,183.93408203125,7445300,JPM
2024-05-02,193.07000732421875,193.5,189.52000427246094,191.66000366210938,183.7423858642578,6501700,JPM
2024-05-03,192.0,192.52999877929688,188.4600067138672,190.50999450683594,182.63986206054688,8922800,JPM
2024-05-06,191.72999572753906,192.1999969482422,189.82000732421875,192.0,184.06832885742188,7911100,JPM
2024-05-07,191.6999969482422,192.92999267578125,191.64999389648438,191.75,183.82862854003906,7688800,JPM
2024-05-08,191.0,196.64999389648438,191.0,195.64999389648438,187.56752014160156,9227600,JPM
2024-05-09,195.1699981689453,197.58999633789062,195.10000610351562,197.5,189.3411102294922,7977300,JPM
2024-05-10,198.5399932861328,199.33999633789062,198.27000427246094,198.77000427246094,190.5586700439453,7529800,JPM
2024-05-13,198.8000030517578,199.85000610351562,198.0399932861328,198.72999572753906,190.520263671875,7049200,JPM
2024-05-14,199.0,201.5800018310547,198.16000366210938,201.50999450683594,193.1854705810547,8596200,JPM
2024-05-15,202.00999450683594,202.69000244140625,199.77000427246094,202.11000061035156,193.7606658935547,8370000,JPM
2024-05-16,202.22000122070312,204.47999572753906,201.99000549316406,202.47000122070312,194.1057891845703,8497900,JPM
2024-05-17,203.80999755859375,205.0500030517578,202.80999755859375,204.7899932861328,196.32994079589844,9260500,JPM
2024-05-20,204.38999938964844,205.8800048828125,195.39999389648438,195.5800018310547,187.5004119873047,17373300,JPM
2024-05-21,197.0,199.89999389648438,196.60000610351562,199.52000427246094,191.27764892578125,14420800,JPM
2024-05-22,199.0,200.94000244140625,197.69000244140625,198.30999755859375,190.1176300048828,9425300,JPM
2024-05-23,197.80999755859375,198.3000030517578,196.07000732421875,196.9199981689453,188.7850799560547,8069400,JPM
2024-05-24,197.75,200.75999450683594,197.55999755859375,200.7100067138672,192.41851806640625,7356200,JPM
2024-05-28,199.86000061035156,200.41000366210938,198.66000366210938,199.5,191.25845336914062,6910200,JPM
2024-05-29,198.0,198.99000549316406,196.88999938964844,198.11000061035156,189.9259033203125,6120000,JPM
2024-05-30,198.55999755859375,199.85000610351562,198.39999389648438,199.3300018310547,191.09552001953125,6829100,JPM
2024-05-31,199.3000030517578,203.3000030517578,198.35000610351562,202.6300048828125,194.2591552734375,14417900,JPM
2024-06-03,202.30999755859375,202.4199981689453,199.19000244140625,201.82000732421875,193.48263549804688,6444300,JPM
2024-06-04,200.16000366210938,201.97999572753906,198.27999877929688,199.16000366210938,190.93252563476562,6848300,JPM
2024-06-05,199.75999450683594,199.82000732421875,196.9199981689453,197.25999450683594,189.1110076904297,8351600,JPM
2024-06-06,197.25999450683594,198.02000427246094,195.3300018310547,196.91000366210938,188.77548217773438,7640300,JPM
2024-06-07,197.42999267578125,200.9199981689453,197.00999450683594,199.9499969482422,191.68988037109375,6964500,JPM
2024-06-10,199.24000549316406,200.83999633789062,198.44000244140625,199.61000061035156,191.36392211914062,6070800,JPM
2024-06-11,197.91000366210938,197.94000244140625,193.60000610351562,194.36000061035156,186.33082580566406,9235300,JPM
2024-06-12,196.0,196.72000122070312,191.30999755859375,191.52999877929688,183.61770629882812,12751300,JPM
2024-06-13,192.32000732421875,194.5800018310547,190.8800048828125,193.66000366210938,185.65972900390625,8587800,JPM
2024-06-14,191.4499969482422,194.86000061035156,191.4199981689453,193.77999877929688,185.7747802734375,6874000,JPM
2024-06-17,193.47999572753906,195.5800018310547,192.63999938964844,194.97999572753906,186.92518615722656,8725400,JPM
2024-06-18,194.60000610351562,197.9600067138672,194.1300048828125,197.0,188.86175537109375,9023000,JPM
2024-06-20,196.38999938964844,199.4499969482422,196.11000061035156,198.6699981689453,190.46278381347656,8731100,JPM
2024-06-21,196.7100067138672,197.1699981689453,194.22000122070312,196.3000030517578,188.19068908691406,20972100,JPM
2024-06-24,197.80999755859375,199.22999572753906,197.10000610351562,198.8800048828125,190.6641082763672,9785900,JPM
2024-06-25,198.08999633789062,200.07000732421875,197.74000549316406,198.07000732421875,189.8875732421875,6862500,JPM
2024-06-26,197.4499969482422,197.94000244140625,196.27999877929688,197.42999267578125,189.2739715576172,7758600,JPM
2024-06-27,197.44000244140625,199.86000061035156,196.89999389648438,199.1699981689453,190.94210815429688,7913500,JPM
2024-06-28,200.00999450683594,202.60000610351562,199.3000030517578,202.25999450683594,193.90443420410156,15307600,JPM
2024-07-01,202.83999633789062,207.08999633789062,202.66000366210938,205.4499969482422,196.9626922607422,10205800,JPM
2024-07-02,205.2899932861328,208.86000061035156,204.77000427246094,208.8300018310547,200.20306396484375,7802900,JPM
2024-07-03,209.5500030517578,210.3800048828125,207.64999389648438,208.69000244140625,200.06883239746094,5560900,JPM
2024-07-05,206.99000549316406,207.3699951171875,204.52000427246094,204.7899932861328,197.41783142089844,8093100,JPM
2024-07-08,205.0399932861328,206.89999389648438,203.97000122070312,205.1699981689453,197.78416442871094,8707000,JPM
2024-07-09,205.6300048828125,209.75999450683594,205.4499969482422,207.6300048828125,200.15560913085938,9058900,JPM
2024-07-10,206.13999938964844,207.97000122070312,205.5800018310547,207.8000030517578,200.31948852539062,8328500,JPM
2024-07-11,206.2100067138672,208.10000610351562,205.3800048828125,207.4499969482422,199.98208618164062,10658100,JPM
2024-07-12,204.0,207.4499969482422,202.10000610351562,204.94000244140625,197.56243896484375,15443400,JPM
2024-07-15,207.19000244140625,211.61000061035156,206.72000122070312,210.0500030517578,202.4884796142578,10719700,JPM
2024-07-16,210.0,213.74000549316406,208.0800018310547,213.6199951171875,205.92996215820312,11557000,JPM
2024-07-17,213.8000030517578,217.55999755859375,213.27000427246094,216.8699951171875,209.06295776367188,11572500,JPM
2024-07-18,215.6300048828125,216.63999938964844,209.24000549316406,209.97999572753906,202.4209747314453,12415100,JPM
2024-07-19,211.1999969482422,212.35000610351562,208.9199981689453,209.77999877929688,202.2281951904297,8095900,JPM
2024-07-22,210.4600067138672,212.1699981689453,209.7100067138672,210.27999877929688,202.71018981933594,7663200,JPM
2024-07-23,211.02000427246094,211.47999572753906,209.35000610351562,210.3300018310547,202.75840759277344,5557300,JPM
2024-07-24,209.5500030517578,212.02999877929688,208.07000732421875,208.58999633789062,201.0810089111328,7119000,JPM
2024-07-25,208.64999389648438,210.19000244140625,208.0500030517578,208.6699981689453,201.1581573486328,6403800,JPM
2024-07-26,209.24000549316406,213.16000366210938,208.6199951171875,212.24000549316406,204.59963989257812,8027800,JPM
2024-07-29,212.64999389648438,213.61000061035156,210.5500030517578,210.85000610351562,203.2596893310547,6533600,JPM
2024-07-30,213.22999572753906,215.7899932861328,212.9600067138672,215.19000244140625,207.44342041015625,8850700,JPM
2024-07-31,214.77999877929688,216.38999938964844,212.6699981689453,212.8000030517578,205.1394805908203,9071600,JPM
2024-08-01,213.1999969482422,213.8300018310547,206.3800048828125,207.9600067138672,200.4737091064453,10918600,JPM
2024-08-02,203.8800048828125,204.6699981689453,196.88999938964844,199.13999938964844,191.97122192382812,18041700,JPM
2024-08-05,194.0500030517578,196.1699981689453,190.89999389648438,194.89999389648438,187.88385009765625,13927000,JPM
2024-08-06,195.39999389648438,202.60000610351562,194.0,200.33999633789062,193.12802124023438,10605800,JPM
2024-08-07,203.50999450683594,205.75,200.1999969482422,200.39999389648438,193.18585205078125,9204400,JPM
2024-08-08,202.47000122070312,204.91000366210938,201.7899932861328,204.05999755859375,196.71409606933594,7761200,JPM
2024-08-09,203.47000122070312,206.47000122070312,202.89999389648438,205.8000030517578,198.39146423339844,5540200,JPM
2024-08-12,206.41000366210938,207.13999938964844,203.66000366210938,206.19000244140625,198.76744079589844,6936000,JPM
2024-08-13,207.72999572753906,208.08999633789062,205.39999389648438,207.94000244140625,200.45443725585938,6387800,JPM
2024-08-14,207.74000549316406,210.75999450683594,207.1199951171875,210.24000549316406,202.671630859375,6999800,JPM
2024-08-15,213.0,213.88999938964844,211.10000610351562,211.5500030517578,203.93447875976562,7001000,JPM
2024-08-16,211.69000244140625,214.08999633789062,211.58999633789062,213.97000122070312,206.26736450195312,7931200,JPM
2024-08-19,214.0,215.52999877929688,213.82000732421875,215.4499969482422,207.69406127929688,6090800,JPM
2024-08-20,215.0,216.0,213.67999267578125,214.52000427246094,206.79757690429688,5640000,JPM
2024-08-21,214.42999267578125,215.0,212.83999633789062,214.60000610351562,206.87466430664062,5202300,JPM
2024-08-22,214.5800018310547,216.8000030517578,214.33999633789062,216.6300048828125,208.8316192626953,5247100,JPM
2024-08-23,217.60000610351562,219.19000244140625,216.5,218.30999755859375,210.4511260986328,7214000,JPM
2024-08-26,219.00999450683594,219.67999267578125,218.0500030517578,219.1699981689453,211.28018188476562,5105200,JPM
2024-08-27,219.50999450683594,220.4199981689453,219.19000244140625,220.17999267578125,212.2537841796875,5185200,JPM
2024-08-28,219.25,222.2100067138672,219.19000244140625,221.2899932861328,213.32383728027344,6506400,JPM
2024-08-29,222.14999389648438,222.97999572753906,218.94000244140625,222.2100067138672,214.2107391357422,6416100,JPM
2024-08-30,222.5,225.47999572753906,221.92999267578125,224.8000030517578,216.70748901367188,8574100,JPM
2024-09-03,222.3000030517578,224.10000610351562,219.24000549316406,220.3000030517578,212.36947631835938,8956100,JPM
2024-09-04,221.0399932861328,222.07000732421875,217.2100067138672,219.3300018310547,211.4344024658203,7389500,JPM
2024-09-05,220.14999389648438,220.8000030517578,216.02999877929688,217.6300048828125,209.7956085205078,8067900,JPM
2024-09-06,217.60000610351562,218.74000549316406,211.08999633789062,212.4600067138672,204.8117218017578,7777000,JPM
2024-09-09,215.19000244140625,218.14999389648438,214.17999267578125,216.80999755859375,209.005126953125,8935100,JPM
2024-09-10,218.60000610351562,218.63999938964844,200.61000061035156,205.55999755859375,198.16009521484375,28406900,JPM
2024-09-11,205.25,207.6999969482422,201.8300018310547,207.22999572753906,199.76998901367188,13658700,JPM
2024-09-12,207.64999389648438,208.77999877929688,204.88999938964844,206.60000610351562,199.1626739501953,9054400,JPM
2024-09-13,206.86000061035156,207.85000610351562,203.02000427246094,204.32000732421875,196.9647674560547,10226700,JPM
2024-09-16,205.8300018310547,208.2100067138672,205.58999633789062,207.86000061035156,200.37730407714844,8634900,JPM
2024-09-17,207.72999572753906,209.92999267578125,207.66000366210938,209.25,201.71728515625,7573300,JPM
2024-09-18,209.00999450683594,211.33999633789062,206.6999969482422,207.52999877929688,200.05917358398438,8259900,JPM
2024-09-19,209.77999877929688,211.91000366210938,207.33999633789062,210.47999572753906,202.9029998779297,11635200,JPM
2024-09-20,209.92999267578125,211.4199981689453,209.5,211.08999633789062,203.49102783203125,20885000,JPM
2024-09-23,211.0,211.8000030517578,209.99000549316406,211.44000244140625,203.82843017578125,7223500,JPM
2024-09-24,211.14999389648438,212.9499969482422,210.3699951171875,211.58999633789062,203.9730224609375,7323200,JPM
2024-09-25,211.67999267578125,212.24000549316406,208.61000061035156,210.19000244140625,202.62344360351562,8976500,JPM
2024-09-26,211.1300048828125,211.6999969482422,209.00999450683594,209.77999877929688,202.2281951904297,7807500,JPM
2024-09-27,210.64999389648438,212.44000244140625,209.3300018310547,210.5,202.9222869873047,7032500,JPM
2024-09-30,206.30999755859375,210.9600067138672,205.25999450683594,210.86000061035156,203.26930236816406,8663800,JPM
2024-10-01,208.89999389648438,209.08999633789062,206.19000244140625,207.0399932861328,199.5868377685547,8540100,JPM
2024-10-02,207.0800018310547,208.9499969482422,205.69000244140625,207.2899932861328,199.82781982421875,5810900,JPM
2024-10-03,206.1699981689453,206.49000549316406,204.33999633789062,205.22999572753906,197.84197998046875,7251300,JPM
2024-10-04,209.3000030517578,211.6699981689453,206.91000366210938,211.22000122070312,204.8641357421875,10211700,JPM
2024-10-07,211.02999877929688,213.3300018310547,209.69000244140625,210.92999267578125,204.58285522460938,6718900,JPM
2024-10-08,210.5800018310547,211.3300018310547,208.3800048828125,210.75,204.4082489013672,6021800,JPM
2024-10-09,209.6999969482422,214.24000549316406,209.3800048828125,213.4199981689453,206.9979248046875,7024000,JPM
2024-10-10,214.80999755859375,214.80999755859375,211.47000122070312,212.83999633789062,206.4353790283203,7927100,JPM
2024-10-11,215.6699981689453,224.6300048828125,215.16000366210938,222.2899932861328,215.60101318359375,18320700,JPM
2024-10-14,223.1999969482422,223.6999969482422,218.8800048828125,221.47999572753906,214.81539916992188,9048900,JPM
2024-10-15,223.66000366210938,225.4499969482422,221.82000732421875,222.38999938964844,215.69802856445312,9235800,JPM
2024-10-16,222.3300018310547,223.67999267578125,221.0399932861328,223.63999938964844,216.91038513183594,6382500,JPM
2024-10-17,224.27000427246094,225.85000610351562,223.30999755859375,224.4199981689453,217.6669158935547,6470200,JPM
2024-10-18,225.0,225.9199981689453,223.10000610351562,225.3699951171875,218.5883331298828,7000500,JPM
2024-10-21,225.22000122070312,225.6999969482422,222.89999389648438,223.0,216.28964233398438,5870000,JPM
2024-10-22,223.02000427246094,225.27999877929688,221.10000610351562,224.1199951171875,217.3759307861328,9586800,JPM
2024-10-23,223.66000366210938,224.8000030517578,222.52999877929688,223.41000366210938,216.68731689453125,6180500,JPM
2024-10-24,221.8300018310547,225.05999755859375,221.66000366210938,224.97999572753906,218.21006774902344,6002200,JPM
2024-10-25,225.0,225.6199951171875,220.8800048828125,222.30999755859375,215.62042236328125,6369700,JPM
2024-10-28,223.35000610351562,225.63999938964844,222.9499969482422,225.5,218.71441650390625,6843000,JPM
2024-10-29,225.2100067138672,226.75,222.80999755859375,222.89999389648438,216.19265747070312,6580000,JPM
2024-10-30,222.5399932861328,226.30999755859375,221.5800018310547,224.41000366210938,217.6572265625,7110900,JPM
2024-10-31,224.6999969482422,225.69000244140625,221.82000732421875,221.9199981689453,215.2421417236328,7829900,JPM
2024-11-01,223.55999755859375,226.14999389648438,222.6999969482422,222.94000244140625,216.23146057128906,6923500,JPM
2024-11-04,222.64999389648438,223.75999450683594,219.1699981689453,219.77999877929688,213.16653442382812,8229600,JPM
2024-11-05,220.02999877929688,221.9600067138672,220.0,221.49000549316406,214.82510375976562,5600700,JPM
2024-11-06,235.0,248.0,234.77000427246094,247.05999755859375,239.62564086914062,23987800,JPM
2024-11-07,244.5,244.57000732421875,235.22000122070312,236.3800048828125,229.26702880859375,16451100,JPM
2024-11-08,239.33999633789062,239.33999633789062,235.77999877929688,236.97999572753906,229.84896850585938,9502100,JPM
2024-11-11,240.0,242.10000610351562,239.0,239.2899932861328,232.08944702148438,9017100,JPM
2024-11-12,240.5500030517578,241.4600067138672,238.75999450683594,239.55999755859375,232.35133361816406,6861000,JPM
2024-11-13,240.5800018310547,244.08999633789062,240.30999755859375,241.16000366210938,233.90318298339844,11472600,JPM
2024-11-14,242.4199981689453,244.2899932861328,241.0500030517578,241.8699951171875,234.59182739257812,10172200,JPM
2024-11-15,241.4600067138672,246.4199981689453,241.4600067138672,245.30999755859375,237.92831420898438,11518800,JPM
2024-11-18,247.75999450683594,247.92999267578125,242.67999267578125,245.02999877929688,237.65673828125,9051400,JPM
2024-11-19,242.25,245.14999389648438,241.5500030517578,243.08999633789062,235.77511596679688,6792700,JPM
2024-11-20,244.39999389648438,244.61000061035156,238.63999938964844,240.77999877929688,233.5346221923828,9015300,JPM
2024-11-21,243.22999572753906,245.49000549316406,242.11000061035156,244.75999450683594,237.3948516845703,8783500,JPM
2024-11-22,243.61000061035156,249.14999389648438,243.02999877929688,248.5500030517578,241.07081604003906,7997300,JPM
2024-11-25,249.58999633789062,254.30999755859375,249.05999755859375,250.2899932861328,242.75845336914062,10295400,JPM
2024-11-26,250.49000549316406,251.0,248.33999633789062,249.97000122070312,242.44808959960938,6212100,JPM
2024-11-27,249.35000610351562,251.19000244140625,248.77000427246094,249.7899932861328,242.27349853515625,5472300,JPM
2024-11-29,249.86000061035156,251.77000427246094,249.4499969482422,249.72000122070312,242.2056121826172,5494800,JPM
2024-12-02,249.5500030517578,250.25,245.02999877929688,246.25,238.84002685546875,8899700,JPM
2024-12-03,248.22999572753906,249.0399932861328,244.6300048828125,244.82000732421875,237.45306396484375,6657700,JPM
2024-12-04,244.6999969482422,245.35000610351562,242.22999572753906,243.39999389648438,236.07579040527344,7346300,JPM
2024-12-05,245.38999938964844,247.17999267578125,244.6199951171875,245.47999572753906,238.0932159423828,6572500,JPM
2024-12-06,245.6999969482422,247.74000549316406,244.83999633789062,247.36000061035156,239.91664123535156,5519700,JPM
2024-12-09,247.1300048828125,247.8699951171875,243.75999450683594,243.80999755859375,236.4734344482422,7076500,JPM
2024-12-10,243.88999938964844,247.9600067138672,242.22000122070312,242.86000061035156,235.55203247070312,9108300,JPM
2024-12-11,244.0,244.27000427246094,242.17999267578125,243.52999877929688,236.2018585205078,7884400,JPM
2024-12-12,243.0,244.10000610351562,241.0399932861328,241.52999877929688,234.26206970214844,6113800,JPM
2024-12-13,242.07000732421875,242.72000122070312,239.13999938964844,239.94000244140625,232.7198944091797,10392700,JPM
2024-12-16,240.61000061035156,240.6699981689453,237.52000427246094,239.5800018310547,232.3707275390625,9032000,JPM
2024-12-17,238.64999389648438,239.02000427246094,236.6300048828125,238.36000061035156,231.1874542236328,8083600,JPM
2024-12-18,239.0,239.07000732421875,229.52999877929688,230.3699951171875,223.43785095214844,11322400,JPM
2024-12-19,232.27000427246094,236.36000061035156,232.27000427246094,232.9600067138672,225.94993591308594,11790800,JPM
2024-12-20,231.9199981689453,239.2100067138672,231.58999633789062,237.60000610351562,230.4503173828125,32348400,JPM
2024-12-23,236.07000732421875,238.6199951171875,234.8800048828125,238.38999938964844,231.216552734375,8611500,JPM
2024-12-24,239.42999267578125,242.49000549316406,239.07000732421875,242.30999755859375,235.01858520507812,3729100,JPM
2024-12-26,241.42999267578125,243.25999450683594,240.7899932861328,243.13999938964844,235.82362365722656,4451800,JPM
2024-12-27,242.72000122070312,243.38999938964844,240.0399932861328,241.1699981689453,233.91290283203125,5730200,JPM
2024-12-30,238.77000427246094,240.83999633789062,237.11000061035156,239.32000732421875,232.1185760498047,5723800,JPM
2024-12-31,240.0500030517578,241.44000244140625,239.02999877929688,239.7100067138672,232.49684143066406,4871000,JPM
2024-01-02,373.8599853515625,375.8999938964844,366.7699890136719,370.8699951171875,363.801513671875,25258600,MSFT
2024-01-03,369.010009765625,373.260009765625,368.510009765625,370.6000061035156,363.5366516113281,23083500,MSFT
2024-01-04,370.6700134277344,373.1000061035156,367.1700134277344,367.94000244140625,360.92730712890625,20901500,MSFT
2024-01-05,368.9700012207031,372.05999755859375,366.5,367.75,360.7409362792969,21004600,MSFT
2024-01-08,369.29998779296875,375.20001220703125,369.010009765625,374.69000244140625,367.5487365722656,23134000,MSFT
2024-01-09,372.010009765625,375.989990234375,371.19000244140625,375.7900085449219,368.6277770996094,20830000,MSFT
2024-01-10,376.3699951171875,384.1700134277344,376.32000732421875,382.7699890136719,375.4747009277344,25514200,MSFT
2024-01-11,386.0,390.67999267578125,380.3800048828125,384.6300048828125,377.2992858886719,27850800,MSFT
2024-01-12,385.489990234375,388.67999267578125,384.6499938964844,388.4700012207031,381.0660705566406,21661200,MSFT
2024-01-16,393.6600036621094,394.0299987792969,387.6199951171875,390.2699890136719,382.8317565917969,27202300,MSFT
2024-01-17,387.9800109863281,390.1099853515625,384.80999755859375,389.4700012207031,382.0470275878906,22234100,MSFT
2024-01-18,391.7200012207031,393.989990234375,390.1199951171875,393.8699951171875,386.3631286621094,23392100,MSFT
2024-01-19,395.760009765625,398.6700134277344,393.5,398.6700134277344,391.0716552734375,29331100,MSFT
2024-01-22,400.0199890136719,400.6199951171875,393.5899963378906,396.510009765625,388.952880859375,27016900,MSFT
2024-01-23,395.75,399.3800048828125,393.92999267578125,398.8999938964844,391.2972717285156,20525900,MSFT
2024-01-24,401.5400085449219,405.6300048828125,400.45001220703125,402.55999755859375,394.8875427246094,24867000,MSFT
2024-01-25,404.32000732421875,407.010009765625,402.5299987792969,404.8699951171875,397.153564453125,21021200,MSFT
2024-01-26,404.3699951171875,406.1700134277344,402.42999267578125,403.92999267578125,396.23138427734375,17803300,MSFT
2024-01-29,406.05999755859375,409.9800109863281,404.3299865722656,409.7200012207031,401.91107177734375,24510200,MSFT
2024-01-30,412.260009765625,413.04998779296875,406.45001220703125,408.5899963378906,400.80255126953125,33477600,MSFT
2024-01-31,406.9599914550781,415.32000732421875,397.2099914550781,397.5799865722656,390.0024108886719,47871100,MSFT
2024-02-01,401.8299865722656,408.0,401.79998779296875,403.7799987792969,396.084228515625,30657700,MSFT
2024-02-02,403.80999755859375,412.6499938964844,403.55999755859375,411.2200012207031,403.3824462890625,28256700,MSFT
2024-02-05,409.8999938964844,411.1600036621094,403.989990234375,405.6499938964844,397.9186706542969,25352300,MSFT
2024-02-06,405.8800048828125,407.9700012207031,402.9100036621094,405.489990234375,397.7616882324219,18382600,MSFT
2024-02-07,407.44000244140625,414.29998779296875,407.3999938964844,414.04998779296875,406.15850830078125,22340500,MSFT
2024-02-08,414.04998779296875,415.55999755859375,412.5299987792969,414.1099853515625,406.2173767089844,21225300,MSFT
2024-02-09,415.25,420.82000732421875,415.0899963378906,420.54998779296875,412.53460693359375,22032800,MSFT
2024-02-12,420.55999755859375,420.739990234375,414.75,415.260009765625,407.345458984375,21202900,MSFT
2024-02-13,404.94000244140625,410.07000732421875,403.3900146484375,406.32000732421875,398.57586669921875,27824900,MSFT
2024-02-14,408.07000732421875,409.8399963378906,404.57000732421875,409.489990234375,402.4282531738281,20401200,MSFT
2024-02-15,408.1400146484375,409.1300048828125,404.2900085449219,406.55999755859375,399.54876708984375,21825500,MSFT
2024-02-16,407.9599914550781,408.2900085449219,403.44000244140625,404.05999755859375,397.0919189453125,22296500,MSFT
2024-02-20,403.239990234375,404.489990234375,398.010009765625,402.7900085449219,395.8438720703125,24307900,MSFT
2024-02-21,400.1700134277344,402.2900085449219,397.2200012207031,402.17999267578125,395.24432373046875,18518900,MSFT
2024-02-22,410.19000244140625,412.8299865722656,408.57000732421875,411.6499938964844,404.551025390625,27009900,MSFT
2024-02-23,415.6700134277344,415.8599853515625,408.9700012207031,410.3399963378906,403.2635803222656,16295900,MSFT
2024-02-26,411.4599914550781,412.1600036621094,407.3599853515625,407.5400085449219,400.51190185546875,16193500,MSFT
2024-02-27,407.989990234375,408.32000732421875,403.8500061035156,407.4800109863281,400.45294189453125,14835800,MSFT
2024-02-28,408.17999267578125,409.29998779296875,405.32000732421875,407.7200012207031,400.6887512207031,13183100,MSFT
2024-02-29,408.6400146484375,414.20001220703125,405.9200134277344,413.6400146484375,406.5067138671875,31947300,MSFT
2024-03-01,411.2699890136719,415.8699951171875,410.8800048828125,415.5,408.33465576171875,17823400,MSFT
2024-03-04,413.44000244140625,417.3500061035156,412.32000732421875,414.9200134277344,407.7646179199219,17596000,MSFT
2024-03-05,413.9599914550781,414.25,400.6400146484375,402.6499938964844,395.7062072753906,26919200,MSFT
2024-03-06,402.9700012207031,405.1600036621094,398.3900146484375,402.0899963378906,395.1558837890625,22344100,MSFT
2024-03-07,406.1199951171875,409.7799987792969,402.239990234375,409.1400146484375,402.0843200683594,18718500,MSFT
2024-03-08,407.9599914550781,410.4200134277344,404.3299865722656,406.2200012207031,399.21466064453125,18002200,MSFT
2024-03-11,403.760009765625,405.67999267578125,401.260009765625,404.5199890136719,397.5439758300781,16120800,MSFT
2024-03-12,407.6199951171875,415.57000732421875,406.7900085449219,415.2799987792969,408.1183776855469,22457000,MSFT
2024-03-13,418.1000061035156,418.17999267578125,411.45001220703125,415.1000061035156,407.9415283203125,17115900,MSFT
2024-03-14,420.239990234375,427.82000732421875,417.989990234375,425.2200012207031,417.88702392578125,34157300,MSFT
2024-03-15,419.2900085449219,422.6000061035156,412.7900085449219,416.4200134277344,409.2387390136719,45079900,MSFT
2024-03-18,414.25,420.7300109863281,413.7799987792969,417.32000732421875,410.12322998046875,20106000,MSFT
2024-03-19,417.8299865722656,421.6700134277344,415.54998779296875,421.4100036621094,414.1426696777344,19837900,MSFT
2024-03-20,422.0,425.9599914550781,420.6600036621094,425.2300109863281,417.8968200683594,17860100,MSFT
2024-03-21,429.8299865722656,430.82000732421875,427.1600036621094,429.3699951171875,421.96539306640625,21296200,MSFT
2024-03-22,429.70001220703125,429.8599853515625,426.07000732421875,428.739990234375,421.3463134765625,17648500,MSFT
2024-03-25,425.239990234375,427.4100036621094,421.6099853515625,422.8599853515625,415.56768798828125,18060500,MSFT
2024-03-26,425.6099853515625,425.989990234375,421.3500061035156,421.6499938964844,414.3785400390625,16725600,MSFT
2024-03-27,424.44000244140625,424.45001220703125,419.010009765625,421.42999267578125,414.1623840332031,16705000,MSFT
2024-03-28,420.9599914550781,421.8699951171875,419.1199951171875,420.7200012207031,413.464599609375,21871200,MSFT
2024-04-01,423.95001220703125,427.8900146484375,422.2200012207031,424.57000732421875,417.2481994628906,16316000,MSFT
2024-04-02,420.1099853515625,422.3800048828125,417.8399963378906,421.44000244140625,414.1721496582031,17912000,MSFT
2024-04-03,419.7300109863281,423.260009765625,419.0899963378906,420.45001220703125,413.19927978515625,16502300,MSFT
2024-04-04,424.989990234375,428.6700134277344,417.57000732421875,417.8800048828125,410.673583984375,19370900,MSFT
2024-04-05,420.010009765625,426.510009765625,418.32000732421875,425.5199890136719,418.18182373046875,16554800,MSFT
2024-04-08,425.1700134277344,427.2799987792969,423.29998779296875,424.5899963378906,417.2678527832031,14272400,MSFT
2024-04-09,426.44000244140625,427.739990234375,421.6199951171875,426.2799987792969,418.9287109375,12496900,MSFT
2024-04-10,422.19000244140625,424.0299987792969,419.70001220703125,423.260009765625,415.9608459472656,16216600,MSFT
2024-04-11,425.82000732421875,429.3699951171875,422.3599853515625,427.92999267578125,420.55023193359375,17966400,MSFT
2024-04-12,424.04998779296875,425.17999267578125,419.7699890136719,421.8999938964844,414.624267578125,19253800,MSFT
2024-04-15,426.6000061035156,426.82000732421875,413.42999267578125,413.6400146484375,406.5067138671875,20273500,MSFT
2024-04-16,414.57000732421875,418.3999938964844,413.7300109863281,414.5799865722656,407.4304504394531,16765600,MSFT
2024-04-17,417.25,418.8800048828125,410.3299865722656,411.8399963378906,404.73773193359375,15855500,MSFT
2024-04-18,410.6300048828125,411.8900146484375,403.95001220703125,404.2699890136719,397.29827880859375,21029900,MSFT
2024-04-19,404.0299987792969,405.4800109863281,397.7699890136719,399.1199951171875,392.23712158203125,30565800,MSFT
2024-04-22,400.0799865722656,402.8500061035156,395.75,400.9599914550781,394.0453796386719,20286900,MSFT
2024-04-23,404.239990234375,408.20001220703125,403.05999755859375,407.57000732421875,400.5413513183594,15734500,MSFT
2024-04-24,409.55999755859375,412.4700012207031,406.7799987792969,409.05999755859375,402.0056457519531,15065300,MSFT
2024-04-25,394.0299987792969,399.8900146484375,388.0299987792969,399.0400085449219,392.158447265625,40586500,MSFT
2024-04-26,412.1700134277344,413.0,405.760009765625,406.32000732421875,399.3129577636719,29694700,MSFT
2024-04-29,405.25,406.32000732421875,399.19000244140625,402.25,395.3130798339844,19582100,MSFT
2024-04-30,401.489990234375,402.1600036621094,389.1700134277344,389.3299865722656,382.61590576171875,28781400,MSFT
2024-05-01,392.6099853515625,401.7200012207031,390.30999755859375,394.94000244140625,388.1291809082031,23562500,MSFT
2024-05-02,397.6600036621094,399.92999267578125,394.6499938964844,397.8399963378906,390.9791564941406,17709400,MSFT
2024-05-03,402.2799987792969,407.1499938964844,401.8599853515625,406.6600036621094,399.6470947265625,17446700,MSFT
2024-05-06,408.760009765625,413.92999267578125,406.3699951171875,413.5400085449219,406.4084167480469,16996600,MSFT
2024-05-07,414.6600036621094,414.6700134277344,409.0899963378906,409.3399963378906,402.2808837890625,20018200,MSFT
2024-05-08,408.1700134277344,412.2300109863281,406.7099914550781,410.5400085449219,403.46014404296875,11792300,MSFT
2024-05-09,410.57000732421875,412.7200012207031,409.1000061035156,412.32000732421875,405.20947265625,14689700,MSFT
2024-05-10,412.94000244140625,415.3800048828125,411.79998779296875,414.739990234375,407.58770751953125,13402300,MSFT
2024-05-13,418.010009765625,418.3500061035156,410.82000732421875,413.7200012207031,406.5852966308594,15440200,MSFT
2024-05-14,412.0199890136719,417.489990234375,411.54998779296875,416.55999755859375,409.3763122558594,15109300,MSFT
2024-05-15,417.8999938964844,423.80999755859375,417.2699890136719,423.0799865722656,416.5338439941406,22239500,MSFT
2024-05-16,421.79998779296875,425.4200134277344,420.3500061035156,420.989990234375,414.47613525390625,17530100,MSFT
2024-05-17,422.5400085449219,422.9200134277344,418.0299987792969,420.2099914550781,413.7082824707031,15352200,MSFT
2024-05-20,420.2099914550781,426.7699890136719,419.989990234375,425.3399963378906,418.7588806152344,16272100,MSFT
2024-05-21,426.8299865722656,432.9700012207031,424.8500061035156,429.0400085449219,422.4016418457031,21453300,MSFT
2024-05-22,430.0899963378906,432.4100036621094,427.1300048828125,430.5199890136719,423.85870361328125,18073700,MSFT
2024-05-23,432.9700012207031,433.6000061035156,425.4200134277344,427.0,420.3931884765625,17211700,MSFT
2024-05-24,427.19000244140625,431.05999755859375,424.4100036621094,430.1600036621094,423.50433349609375,11855300,MSFT
2024-05-28,429.6300048828125,430.82000732421875,426.6000061035156,430.32000732421875,423.661865234375,15718000,MSFT
2024-05-29,425.69000244140625,430.94000244140625,425.69000244140625,429.1700134277344,422.5296325683594,15517100,MSFT
2024-05-30,424.29998779296875,424.29998779296875,414.239990234375,414.6700134277344,408.25396728515625,28394500,MSFT
2024-05-31,416.75,416.75,404.510009765625,415.1300048828125,408.70684814453125,47995300,MSFT
2024-06-03,415.5299987792969,416.42999267578125,408.9200134277344,413.5199890136719,407.1217956542969,17484700,MSFT
2024-06-04,412.42999267578125,416.44000244140625,409.67999267578125,416.07000732421875,409.63232421875,14348900,MSFT
2024-06-05,417.80999755859375,424.0799865722656,416.29998779296875,424.010009765625,417.4494934082031,16988000,MSFT
2024-06-06,424.010009765625,425.30999755859375,420.5799865722656,424.5199890136719,417.9515380859375,14861300,MSFT
2024-06-07,426.20001220703125,426.2799987792969,423.0,423.8500061035156,417.29193115234375,13621700,MSFT
2024-06-10,424.70001220703125,428.0799865722656,423.8900146484375,427.8699951171875,421.24969482421875,13982900,MSFT
2024-06-11,425.4800109863281,432.82000732421875,425.25,432.67999267578125,425.9852600097656,14551100,MSFT
2024-06-12,435.32000732421875,443.3999938964844,433.25,441.05999755859375,434.2356262207031,22366200,MSFT
2024-06-13,440.8500061035156,443.3900146484375,439.3699951171875,441.5799865722656,434.7476501464844,15960600,MSFT
2024-06-14,438.2799987792969,443.1400146484375,436.7200012207031,442.57000732421875,435.7222595214844,13582000,MSFT
2024-06-17,442.5899963378906,450.94000244140625,440.7200012207031,448.3699951171875,441.4325256347656,20790000,MSFT
2024-06-18,449.7099914550781,450.1400146484375,444.8900146484375,446.3399963378906,439.4339599609375,17112500,MSFT
2024-06-20,446.29998779296875,446.5299987792969,441.2699890136719,445.70001220703125,438.8038635253906,19877400,MSFT
2024-06-21,447.3800048828125,450.5799865722656,446.510009765625,449.7799987792969,442.82073974609375,34187100,MSFT
2024-06-24,449.79998779296875,452.75,446.4100036621094,447.6700134277344,440.7434387207031,15913700,MSFT
2024-06-25,448.25,451.4200134277344,446.75,450.95001220703125,443.9726257324219,16413400,MSFT
2024-06-26,449.0,453.6000061035156,448.19000244140625,452.1600036621094,445.1639404296875,16507000,MSFT
2024-06-27,452.17999267578125,456.1700134277344,451.7699890136719,452.8500061035156,445.8432312011719,14806300,MSFT
2024-06-28,453.07000732421875,455.3800048828125,446.4100036621094,446.95001220703125,440.0345153808594,28362300,MSFT
2024-07-01,448.6600036621094,457.3699951171875,445.6600036621094,456.7300109863281,449.6631774902344,17662800,MSFT
2024-07-02,453.20001220703125,459.5899963378906,453.1099853515625,459.2799987792969,452.1737365722656,13979800,MSFT
2024-07-03,458.19000244140625,461.0199890136719,457.8800048828125,460.7699890136719,453.6407165527344,9932800,MSFT
2024-07-05,459.6099853515625,468.3500061035156,458.9700012207031,467.55999755859375,460.32562255859375,16000300,MSFT
2024-07-08,466.54998779296875,467.70001220703125,464.4599914550781,466.239990234375,459.0260314941406,12962300,MSFT
2024-07-09,467.0,467.3299865722656,458.0,459.5400085449219,452.42974853515625,17207200,MSFT
2024-07-10,461.2200012207031,466.4599914550781,458.8599853515625,466.25,459.0358581542969,18196100,MSFT
2024-07-11,462.9800109863281,464.7799987792969,451.54998779296875,454.70001220703125,447.66461181640625,23111200,MSFT
2024-07-12,454.3299865722656,456.3599853515625,450.6499938964844,453.54998779296875,446.53240966796875,16324300,MSFT
2024-07-15,453.29998779296875,457.260009765625,451.42999267578125,453.9599914550781,446.93603515625,14429400,MSFT
2024-07-16,454.2200012207031,454.29998779296875,446.6600036621094,449.5199890136719,442.5647277832031,17175700,MSFT
2024-07-17,442.5899963378906,444.8500061035156,439.17999267578125,443.5199890136719,436.6575927734375,21778000,MSFT
2024-07-18,444.3399963378906,444.6499938964844,434.3999938964844,440.3699951171875,433.55633544921875,20794800,MSFT
2024-07-19,433.1000061035156,441.1400146484375,432.0,437.1099853515625,430.34674072265625,20940400,MSFT
2024-07-22,441.7900085449219,444.6000061035156,438.9100036621094,442.94000244140625,436.0865478515625,15808800,MSFT
2024-07-23,443.8999938964844,448.3900146484375,443.1000061035156,444.8500061035156,437.9670104980469,13107100,MSFT
2024-07-24,440.45001220703125,441.4800109863281,427.5899963378906,428.8999938964844,422.2638244628906,26805800,MSFT
2024-07-25,428.79998779296875,429.79998779296875,417.510009765625,418.3999938964844,411.92626953125,29943800,MSFT
2024-07-26,418.20001220703125,428.9200134277344,417.2699890136719,425.2699890136719,418.6899719238281,23583800,MSFT
2024-07-29,431.5799865722656,432.1499938964844,424.70001220703125,426.7300109863281,420.1274108886719,15125800,MSFT
2024-07-30,427.7200012207031,429.04998779296875,417.3599853515625,422.9200134277344,416.3763427734375,32687600,MSFT
2024-07-31,420.5,421.7799987792969,412.2099914550781,418.3500061035156,411.8770446777344,42891400,MSFT
2024-08-01,420.7900085449219,427.4599914550781,413.0899963378906,417.1099853515625,410.65618896484375,30296400,MSFT
2024-08-02,412.489990234375,415.0,404.3399963378906,408.489990234375,402.1696472167969,29437900,MSFT
2024-08-05,389.1700134277344,401.0400085449219,385.5799865722656,395.1499938964844,389.0360412597656,40709200,MSFT
2024-08-06,400.0,405.6700134277344,398.5,399.6099853515625,393.42694091796875,24946500,MSFT
2024-08-07,408.6400146484375,410.0799865722656,397.4700012207031,398.42999267578125,392.2652893066406,20650900,MSFT
2024-08-08,402.44000244140625,405.8599853515625,399.94000244140625,402.69000244140625,396.4593200683594,20203000,MSFT
2024-08-09,404.0299987792969,408.04998779296875,402.260009765625,406.0199890136719,399.7378234863281,19276700,MSFT
2024-08-12,407.05999755859375,408.760009765625,404.239990234375,406.80999755859375,400.5156555175781,16762900,MSFT
2024-08-13,409.5899963378906,414.95001220703125,409.57000732421875,414.010009765625,407.6041564941406,19414300,MSFT
2024-08-14,414.79998779296875,417.7200012207031,412.45001220703125,416.8599853515625,410.41009521484375,18267000,MSFT
2024-08-15,419.79998779296875,421.1099853515625,417.6600036621094,421.0299987792969,415.26275634765625,20752100,MSFT
2024-08-16,420.6000061035156,421.3399963378906,417.29998779296875,418.4700012207031,412.73779296875,22775600,MSFT
2024-08-19,418.9599914550781,421.75,416.4599914550781,421.5299987792969,415.7558288574219,15234000,MSFT
2024-08-20,421.70001220703125,425.8599853515625,421.6400146484375,424.79998779296875,418.9810485839844,16387600,MSFT
2024-08-21,424.0799865722656,426.3999938964844,421.7200012207031,424.1400146484375,418.3301086425781,16067300,MSFT
2024-08-22,424.3599853515625,426.7900085449219,414.6099853515625,415.54998779296875,409.8577880859375,19361900,MSFT
2024-08-23,416.9800109863281,419.260009765625,412.0899963378906,416.7900085449219,411.08074951171875,18493800,MSFT
2024-08-26,416.3699951171875,417.2799987792969,411.3399963378906,413.489990234375,407.8259582519531,13152800,MSFT
2024-08-27,412.8599853515625,414.3599853515625,410.25,413.8399963378906,408.1711730957031,13492900,MSFT
2024-08-28,414.8800048828125,415.0,407.30999755859375,410.6000061035156,404.9755859375,14882700,MSFT
2024-08-29,414.94000244140625,422.04998779296875,410.6000061035156,413.1199951171875,407.4610595703125,17045200,MSFT
2024-08-30,415.6000061035156,417.489990234375,412.1300048828125,417.1400146484375,411.4259948730469,24308300,MSFT
2024-09-03,417.9100036621094,419.8800048828125,407.0299987792969,409.44000244140625,403.83148193359375,20313600,MSFT
2024-09-04,405.9100036621094,411.239990234375,404.3699951171875,408.8999938964844,403.29888916015625,15135800,MSFT
2024-09-05,407.6199951171875,413.1000061035156,406.1300048828125,408.3900146484375,402.7958679199219,14195500,MSFT
2024-09-06,409.05999755859375,410.6499938964844,400.79998779296875,401.70001220703125,396.197509765625,19609500,MSFT
2024-09-09,407.239990234375,408.6499938964844,402.1499938964844,405.7200012207031,400.1624450683594,15295100,MSFT
2024-09-10,408.20001220703125,416.3299865722656,407.70001220703125,414.20001220703125,408.5262451171875,19594300,MSFT
2024-09-11,415.5,423.989990234375,409.5799865722656,423.0400085449219,417.24517822265625,19266900,MSFT
2024-09-12,423.30999755859375,427.3699951171875,419.75,427.0,421.1509094238281,17395700,MSFT
2024-09-13,425.8299865722656,431.8299865722656,425.4599914550781,430.5899963378906,424.69171142578125,15874600,MSFT
2024-09-16,430.6000061035156,433.5299987792969,428.2200012207031,431.3399963378906,425.4314880371094,13834700,MSFT
2024-09-17,440.2300109863281,441.8500061035156,432.2699890136719,435.1499938964844,429.1893310546875,18874200,MSFT
2024-09-18,435.0,436.0299987792969,430.4100036621094,430.80999755859375,424.90875244140625,18898000,MSFT
2024-09-19,441.2300109863281,441.5,436.8999938964844,438.69000244140625,432.6807861328125,21706600,MSFT
2024-09-20,437.2200012207031,439.239990234375,434.2200012207031,435.2699890136719,429.3076477050781,55167100,MSFT
2024-09-23,434.2799987792969,436.4599914550781,430.3900146484375,433.510009765625,427.5718078613281,15128900,MSFT
2024-09-24,433.0,433.3500061035156,426.1000061035156,429.1700134277344,423.29119873046875,17015800,MSFT
2024-09-25,429.8299865722656,433.1199951171875,428.57000732421875,432.1099853515625,426.1909484863281,13396400,MSFT
2024-09-26,435.0899963378906,435.29998779296875,429.1300048828125,431.30999755859375,425.4018859863281,14492000,MSFT
2024-09-27,431.5199890136719,431.8500061035156,427.4700012207031,428.0199890136719,422.15692138671875,14896100,MSFT
2024-09-30,428.2099914550781,430.4200134277344,425.3699951171875,430.29998779296875,424.40570068359375,16807300,MSFT
2024-10-01,428.45001220703125,428.4800109863281,418.80999755859375,420.69000244140625,414.9273681640625,19092900,MSFT
2024-10-02,422.5799865722656,422.82000732421875,416.7099914550781,417.1300048828125,411.4161376953125,16582300,MSFT
2024-10-03,417.6300048828125,419.54998779296875,414.2900085449219,416.5400085449219,410.8342590332031,13686400,MSFT
2024-10-04,418.239990234375,419.75,414.9700012207031,416.05999755859375,410.36077880859375,19169700,MSFT
2024-10-07,416.0,417.1099853515625,409.0,409.5400085449219,403.93011474609375,20919800,MSFT
2024-10-08,410.8999938964844,415.6600036621094,408.1700134277344,414.7099914550781,409.0292663574219,19229300,MSFT
2024-10-09,415.8599853515625,420.3800048828125,414.29998779296875,417.4599914550781,411.7415771484375,14974300,MSFT
2024-10-10,415.2300109863281,417.3500061035156,413.1499938964844,415.8399963378906,410.143798828125,13848400,MSFT
2024-10-11,416.1400146484375,417.1300048828125,413.25,416.32000732421875,410.6172180175781,14144900,MSFT
2024-10-14,417.7699890136719,424.0400085449219,417.5199890136719,419.1400146484375,413.3986511230469,16653100,MSFT
2024-10-15,422.17999267578125,422.4800109863281,415.260009765625,418.739990234375,413.0040588378906,18900200,MSFT
2024-10-16,415.1700134277344,416.3599853515625,410.4800109863281,416.1199951171875,410.4199523925781,15508900,MSFT
2024-10-17,422.3599853515625,422.5,415.5899963378906,416.7200012207031,411.0117492675781,14820000,MSFT
2024-10-18,417.1400146484375,419.6499938964844,416.260009765625,418.1600036621094,412.4320373535156,17145300,MSFT
2024-10-21,416.1199951171875,418.9599914550781,413.75,418.7799987792969,413.04351806640625,14206100,MSFT
2024-10-22,418.489990234375,430.5799865722656,418.0400085449219,427.510009765625,421.6539611816406,25482200,MSFT
2024-10-23,430.8599853515625,431.0799865722656,422.5299987792969,424.6000061035156,418.7838134765625,19654400,MSFT
2024-10-24,425.3299865722656,425.9800109863281,422.3999938964844,424.7300109863281,418.9120178222656,13581600,MSFT
2024-10-25,426.760009765625,432.5199890136719,426.57000732421875,428.1499938964844,422.28515625,16899100,MSFT
2024-10-28,431.6600036621094,431.94000244140625,426.29998779296875,426.5899963378906,420.74652099609375,14882400,MSFT
2024-10-29,428.0,433.1700134277344,425.79998779296875,431.95001220703125,426.03314208984375,17644100,MSFT
2024-10-30,437.44000244140625,438.5,432.1000061035156,432.5299987792969,426.6051025390625,29749100,MSFT
2024-10-31,415.3599853515625,416.1600036621094,406.29998779296875,406.3500061035156,400.7838134765625,53971000,MSFT
2024-11-01,409.010009765625,415.5,407.5,410.3699951171875,404.74871826171875,24230400,MSFT
2024-11-04,409.79998779296875,410.4200134277344,405.57000732421875,408.4599914550781,402.8648681640625,19672300,MSFT
2024-11-05,408.3699951171875,414.8999938964844,408.0799865722656,411.4599914550781,405.8237609863281,17626000,MSFT
2024-11-06,412.4200134277344,420.45001220703125,410.5199890136719,420.17999267578125,414.42431640625,26681800,MSFT
2024-11-07,421.2799987792969,426.8500061035156,419.8800048828125,425.42999267578125,419.6024169921875,19901800,MSFT
2024-11-08,425.32000732421875,426.5,421.7799987792969,422.5400085449219,416.75201416015625,16891400,MSFT
2024-11-11,422.5199890136719,424.80999755859375,416.0,418.010009765625,412.2840576171875,24503300,MSFT
2024-11-12,418.25,424.44000244140625,417.20001220703125,423.0299987792969,417.23529052734375,19401200,MSFT
2024-11-13,421.6400146484375,429.3299865722656,418.2099914550781,425.20001220703125,419.3756103515625,21502200,MSFT
2024-11-14,425.0,428.1700134277344,420.0,426.8900146484375,421.0424499511719,30246900,MSFT
2024-11-15,419.82000732421875,422.79998779296875,413.6400146484375,415.0,409.3153076171875,28247600,MSFT
2024-11-18,414.8699951171875,418.3999938964844,412.1000061035156,415.760009765625,410.06488037109375,24727000,MSFT
2024-11-19,413.1099853515625,417.94000244140625,411.54998779296875,417.7900085449219,412.06707763671875,18133500,MSFT
2024-11-20,416.8699951171875,417.2900085449219,410.5799865722656,415.489990234375,409.7985534667969,19191700,MSFT
2024-11-21,419.5,419.7799987792969,410.2900085449219,412.8699951171875,408.029541015625,20780200,MSFT
2024-11-22,411.3699951171875,417.3999938964844,411.05999755859375,417.0,412.11114501953125,24814600,MSFT
2024-11-25,418.3800048828125,421.0799865722656,414.8500061035156,418.7900085449219,413.88018798828125,27691100,MSFT
2024-11-26,419.5899963378906,429.0400085449219,418.8500061035156,427.989990234375,422.9722900390625,23458900,MSFT
2024-11-27,425.1099853515625,427.2300109863281,422.0199890136719,422.989990234375,418.0309143066406,18332400,MSFT
2024-11-29,420.0899963378906,424.8800048828125,417.79998779296875,423.4599914550781,418.49542236328125,16271900,MSFT
2024-12-02,421.57000732421875,433.0,421.30999755859375,430.9800109863281,425.9272766113281,20207200,MSFT
2024-12-03,429.8399963378906,432.4700012207031,427.739990234375,431.20001220703125,426.1446838378906,18302000,MSFT
2024-12-04,433.0299987792969,439.6700134277344,432.6300048828125,437.4200134277344,432.2917785644531,26009400,MSFT
2024-12-05,437.9200134277344,444.6600036621094,436.1700134277344,442.6199951171875,437.4307861328125,21697800,MSFT
2024-12-06,442.29998779296875,446.1000061035156,441.7699890136719,443.57000732421875,438.3696594238281,18821000,MSFT
2024-12-09,442.6000061035156,448.3299865722656,440.5,446.0199890136719,440.7909240722656,19144400,MSFT
2024-12-10,444.3900146484375,449.6199951171875,441.6000061035156,443.3299865722656,438.1324768066406,18469500,MSFT
2024-12-11,444.04998779296875,450.3500061035156,444.04998779296875,448.989990234375,443.72613525390625,19200200,MSFT
2024-12-12,449.1099853515625,456.1600036621094,449.1099853515625,449.55999755859375,444.2894287109375,20834800,MSFT
2024-12-13,448.44000244140625,451.42999267578125,445.5799865722656,447.2699890136719,442.0262756347656,20177800,MSFT
2024-12-16,447.2699890136719,452.17999267578125,445.2799987792969,451.5899963378906,446.295654296875,23598800,MSFT
2024-12-17,451.010009765625,455.2900085449219,449.57000732421875,454.4599914550781,449.1319274902344,22733500,MSFT
2024-12-18,451.32000732421875,452.6499938964844,437.0199890136719,437.3900146484375,432.2621154785156,24444500,MSFT
2024-12-19,441.6199951171875,443.17999267578125,436.32000732421875,437.0299987792969,431.90631103515625,22963700,MSFT
2024-12-20,433.1099853515625,443.739990234375,428.6300048828125,436.6000061035156,431.48138427734375,64263700,MSFT
2024-12-23,436.739990234375,437.6499938964844,432.8299865722656,435.25,430.1471862792969,19152500,MSFT
2024-12-24,434.6499938964844,439.6000061035156,434.19000244140625,439.3299865722656,434.17938232421875,7164500,MSFT
2024-12-26,439.0799865722656,440.94000244140625,436.6300048828125,438.1099853515625,432.9736328125,8194200,MSFT
2024-12-27,434.6000061035156,435.2200012207031,426.3500061035156,430.5299987792969,425.48248291015625,18117700,MSFT
2024-12-30,426.05999755859375,427.54998779296875,421.8999938964844,424.8299865722656,419.8493347167969,13158700,MSFT
2024-12-31,426.1000061035156,426.7300109863281,420.6600036621094,421.5,416.55841064453125,13246500,MSFT
